{
"meta":{"test_sets":[],"test_metrics":[],"learn_metrics":[{"best_value":"Min","name":"Logloss"}],"launch_mode":"Train","parameters":"","iteration_count":200,"learn_sets":["learn"],"name":"experiment"},
"iterations":[
{"learn":[0.6348469635],"iteration":0,"passed_time":0.148794912,"remaining_time":29.61018748},
{"learn":[0.5782591607],"iteration":1,"passed_time":0.3046752982,"remaining_time":30.16285453},
{"learn":[0.5412112904],"iteration":2,"passed_time":0.4489760335,"remaining_time":29.48275953},
{"learn":[0.4998046942],"iteration":3,"passed_time":0.5699302963,"remaining_time":27.92658452},
{"learn":[0.4659661219],"iteration":4,"passed_time":0.7209018417,"remaining_time":28.11517183},
{"learn":[0.4396340917],"iteration":5,"passed_time":0.8385135151,"remaining_time":27.11193699},
{"learn":[0.4129300358],"iteration":6,"passed_time":0.9569502204,"remaining_time":26.38448465},
{"learn":[0.387230602],"iteration":7,"passed_time":1.072601073,"remaining_time":25.74242575},
{"learn":[0.3684765362],"iteration":8,"passed_time":1.187977274,"remaining_time":25.21151769},
{"learn":[0.3519439386],"iteration":9,"passed_time":1.299745248,"remaining_time":24.69515971},
{"learn":[0.3317709579],"iteration":10,"passed_time":1.419798458,"remaining_time":24.39471896},
{"learn":[0.3165379221],"iteration":11,"passed_time":1.533851999,"remaining_time":24.03034798},
{"learn":[0.3029760835],"iteration":12,"passed_time":1.644372145,"remaining_time":23.65366085},
{"learn":[0.2868018405],"iteration":13,"passed_time":1.760250666,"remaining_time":23.38618742},
{"learn":[0.2746313804],"iteration":14,"passed_time":1.873194275,"remaining_time":23.10272939},
{"learn":[0.2669572051],"iteration":15,"passed_time":1.985974015,"remaining_time":22.83870117},
{"learn":[0.2553661047],"iteration":16,"passed_time":2.098033871,"remaining_time":22.58471755},
{"learn":[0.2460718391],"iteration":17,"passed_time":2.20833432,"remaining_time":22.32871368},
{"learn":[0.2394898625],"iteration":18,"passed_time":2.321303601,"remaining_time":22.11347115},
{"learn":[0.2312699663],"iteration":19,"passed_time":2.434328826,"remaining_time":21.90895943},
{"learn":[0.2231283562],"iteration":20,"passed_time":2.5524207,"remaining_time":21.75634787},
{"learn":[0.2150851693],"iteration":21,"passed_time":2.667284664,"remaining_time":21.58075773},
{"learn":[0.2081591486],"iteration":22,"passed_time":2.785228582,"remaining_time":21.4341504},
{"learn":[0.201228647],"iteration":23,"passed_time":2.901034656,"remaining_time":21.27425414},
{"learn":[0.1945259733],"iteration":24,"passed_time":3.019033968,"remaining_time":21.13323778},
{"learn":[0.1879231717],"iteration":25,"passed_time":3.134824058,"remaining_time":20.97920716},
{"learn":[0.1819378689],"iteration":26,"passed_time":3.248421302,"remaining_time":20.81395871},
{"learn":[0.176811086],"iteration":27,"passed_time":3.360102651,"remaining_time":20.64063057},
{"learn":[0.1726217101],"iteration":28,"passed_time":3.473829025,"remaining_time":20.48361253},
{"learn":[0.168426754],"iteration":29,"passed_time":3.586794965,"remaining_time":20.32517147},
{"learn":[0.1648598145],"iteration":30,"passed_time":3.700733871,"remaining_time":20.17496852},
{"learn":[0.1610494239],"iteration":31,"passed_time":3.819000104,"remaining_time":20.04975055},
{"learn":[0.1569035606],"iteration":32,"passed_time":3.930387798,"remaining_time":19.89014431},
{"learn":[0.1520710164],"iteration":33,"passed_time":4.042084721,"remaining_time":19.73488422},
{"learn":[0.1484183531],"iteration":34,"passed_time":4.156388256,"remaining_time":19.59440178},
{"learn":[0.1443076285],"iteration":35,"passed_time":4.270584137,"remaining_time":19.45488329},
{"learn":[0.1410345705],"iteration":36,"passed_time":4.388417462,"remaining_time":19.33275801},
{"learn":[0.137450052],"iteration":37,"passed_time":4.505649638,"remaining_time":19.20829583},
{"learn":[0.1343631348],"iteration":38,"passed_time":4.622670646,"remaining_time":19.08333267},
{"learn":[0.1311875851],"iteration":39,"passed_time":4.734939622,"remaining_time":18.93975849},
{"learn":[0.12782919],"iteration":40,"passed_time":4.851248952,"remaining_time":18.81338008},
{"learn":[0.1245799769],"iteration":41,"passed_time":4.967383778,"remaining_time":18.68682469},
{"learn":[0.1209366748],"iteration":42,"passed_time":5.080306803,"remaining_time":18.54902716},
{"learn":[0.1184950916],"iteration":43,"passed_time":5.193937546,"remaining_time":18.41486948},
{"learn":[0.1162627997],"iteration":44,"passed_time":5.306800375,"remaining_time":18.27897907},
{"learn":[0.1136233539],"iteration":45,"passed_time":5.426863149,"remaining_time":18.16819402},
{"learn":[0.1115843514],"iteration":46,"passed_time":5.546284179,"remaining_time":18.05492509},
{"learn":[0.1091413463],"iteration":47,"passed_time":5.663826823,"remaining_time":17.93545161},
{"learn":[0.1064759783],"iteration":48,"passed_time":5.782641039,"remaining_time":17.81997545},
{"learn":[0.1042917572],"iteration":49,"passed_time":5.901323303,"remaining_time":17.70396991},
{"learn":[0.1019684397],"iteration":50,"passed_time":6.018250575,"remaining_time":17.58273207},
{"learn":[0.1007984391],"iteration":51,"passed_time":6.132757832,"remaining_time":17.45477229},
{"learn":[0.09906934882],"iteration":52,"passed_time":6.247614957,"remaining_time":17.32829054},
{"learn":[0.09732652802],"iteration":53,"passed_time":6.362553463,"remaining_time":17.20245936},
{"learn":[0.09617733269],"iteration":54,"passed_time":6.47530037,"remaining_time":17.07124643},
{"learn":[0.09408866162],"iteration":55,"passed_time":6.585540249,"remaining_time":16.93424635},
{"learn":[0.09261436494],"iteration":56,"passed_time":6.69716574,"remaining_time":16.80166142},
{"learn":[0.09149620751],"iteration":57,"passed_time":6.80977202,"remaining_time":16.67220046},
{"learn":[0.08981625157],"iteration":58,"passed_time":6.921667224,"remaining_time":16.5416115},
{"learn":[0.08749662069],"iteration":59,"passed_time":7.034510563,"remaining_time":16.41385798},
{"learn":[0.08664514254],"iteration":60,"passed_time":7.151053889,"remaining_time":16.29502443},
{"learn":[0.08553513836],"iteration":61,"passed_time":7.265800037,"remaining_time":16.1722646},
{"learn":[0.08431176122],"iteration":62,"passed_time":7.377484599,"remaining_time":16.04310143},
{"learn":[0.08284333573],"iteration":63,"passed_time":7.494839299,"remaining_time":15.92653351},
{"learn":[0.08117904797],"iteration":64,"passed_time":7.608390665,"remaining_time":15.80204215},
{"learn":[0.07995823743],"iteration":65,"passed_time":7.724176836,"remaining_time":15.68241964},
{"learn":[0.07895821606],"iteration":66,"passed_time":7.837559806,"remaining_time":15.55814111},
{"learn":[0.07756968897],"iteration":67,"passed_time":7.949962684,"remaining_time":15.4322805},
{"learn":[0.07610783883],"iteration":68,"passed_time":8.066276948,"remaining_time":15.31423594},
{"learn":[0.07511512902],"iteration":69,"passed_time":8.17649013,"remaining_time":15.18491024},
{"learn":[0.07387411418],"iteration":70,"passed_time":8.28893161,"remaining_time":15.06017152},
{"learn":[0.07286695205],"iteration":71,"passed_time":8.402737612,"remaining_time":14.9382002},
{"learn":[0.07153680652],"iteration":72,"passed_time":8.514739241,"remaining_time":14.81331347},
{"learn":[0.07035387601],"iteration":73,"passed_time":8.6303481,"remaining_time":14.69491703},
{"learn":[0.06940027283],"iteration":74,"passed_time":8.744891811,"remaining_time":14.57481969},
{"learn":[0.06812948103],"iteration":75,"passed_time":8.855346769,"remaining_time":14.44819736},
{"learn":[0.06742357098],"iteration":76,"passed_time":8.966259805,"remaining_time":14.3227267},
{"learn":[0.06638374005],"iteration":77,"passed_time":9.081287299,"remaining_time":14.20406475},
{"learn":[0.06535701878],"iteration":78,"passed_time":9.190658195,"remaining_time":14.07683091},
{"learn":[0.06414103843],"iteration":79,"passed_time":9.304009567,"remaining_time":13.95601435},
{"learn":[0.06366040365],"iteration":80,"passed_time":9.414229451,"remaining_time":13.83078154},
{"learn":[0.06278168644],"iteration":81,"passed_time":9.529079378,"remaining_time":13.71257764},
{"learn":[0.06210444262],"iteration":82,"passed_time":9.641588393,"remaining_time":13.59115472},
{"learn":[0.06109686511],"iteration":83,"passed_time":9.754192249,"remaining_time":13.47007501},
{"learn":[0.06034168253],"iteration":84,"passed_time":9.869163391,"remaining_time":13.35239753},
{"learn":[0.05967875756],"iteration":85,"passed_time":9.981801116,"remaining_time":13.23168985},
{"learn":[0.05915140507],"iteration":86,"passed_time":10.09419275,"remaining_time":13.11084805},
{"learn":[0.05797221935],"iteration":87,"passed_time":10.20503411,"remaining_time":12.98822523},
{"learn":[0.05695657276],"iteration":88,"passed_time":10.3187825,"remaining_time":12.86949278},
{"learn":[0.05634485742],"iteration":89,"passed_time":10.44225086,"remaining_time":12.76275105},
{"learn":[0.05567612148],"iteration":90,"passed_time":10.5525833,"remaining_time":12.63990747},
{"learn":[0.05502490156],"iteration":91,"passed_time":10.66592056,"remaining_time":12.52086327},
{"learn":[0.05453839929],"iteration":92,"passed_time":10.7762329,"remaining_time":12.39846151},
{"learn":[0.053656097],"iteration":93,"passed_time":10.89519064,"remaining_time":12.28606604},
{"learn":[0.0531498516],"iteration":94,"passed_time":11.00709102,"remaining_time":12.16573218},
{"learn":[0.05236454464],"iteration":95,"passed_time":11.11920584,"remaining_time":12.04580632},
{"learn":[0.05195827498],"iteration":96,"passed_time":11.22816327,"remaining_time":11.92268883},
{"learn":[0.05118836064],"iteration":97,"passed_time":11.33736271,"remaining_time":11.8001122},
{"learn":[0.05042640216],"iteration":98,"passed_time":11.44703271,"remaining_time":11.6782859},
{"learn":[0.04965214979],"iteration":99,"passed_time":11.56000372,"remaining_time":11.56000372},
{"learn":[0.04892533674],"iteration":100,"passed_time":11.67064131,"remaining_time":11.4395395},
{"learn":[0.04848837113],"iteration":101,"passed_time":11.7828586,"remaining_time":11.32078571},
{"learn":[0.04776231366],"iteration":102,"passed_time":11.89651458,"remaining_time":11.20351374},
{"learn":[0.04694805188],"iteration":103,"passed_time":12.00829984,"remaining_time":11.08458447},
{"learn":[0.04670846533],"iteration":104,"passed_time":12.12001628,"remaining_time":10.96572902},
{"learn":[0.04598630249],"iteration":105,"passed_time":12.23093762,"remaining_time":10.84630318},
{"learn":[0.04563294802],"iteration":106,"passed_time":12.34201953,"remaining_time":10.72717586},
{"learn":[0.04503863988],"iteration":107,"passed_time":12.45427435,"remaining_time":10.60919667},
{"learn":[0.044619699],"iteration":108,"passed_time":12.56492261,"remaining_time":10.48998126},
{"learn":[0.04415777057],"iteration":109,"passed_time":12.67378931,"remaining_time":10.36946398},
{"learn":[0.04363334866],"iteration":110,"passed_time":12.78735948,"remaining_time":10.25292787},
{"learn":[0.04317576177],"iteration":111,"passed_time":12.90066345,"remaining_time":10.13623557},
{"learn":[0.04265673897],"iteration":112,"passed_time":13.01194137,"remaining_time":10.01804335},
{"learn":[0.04185521832],"iteration":113,"passed_time":13.12453337,"remaining_time":9.900963767},
{"learn":[0.04109000455],"iteration":114,"passed_time":13.23590829,"remaining_time":9.783062647},
{"learn":[0.04067329642],"iteration":115,"passed_time":13.34773138,"remaining_time":9.665598587},
{"learn":[0.04023891679],"iteration":116,"passed_time":13.46112934,"remaining_time":9.549348167},
{"learn":[0.03988094626],"iteration":117,"passed_time":13.5750216,"remaining_time":9.433489588},
{"learn":[0.03949327483],"iteration":118,"passed_time":13.68399221,"remaining_time":9.314314026},
{"learn":[0.03907433923],"iteration":119,"passed_time":13.79683519,"remaining_time":9.197890129},
{"learn":[0.03887245644],"iteration":120,"passed_time":13.90860109,"remaining_time":9.080822197},
{"learn":[0.03856112968],"iteration":121,"passed_time":14.02140848,"remaining_time":8.964507059},
{"learn":[0.03775437931],"iteration":122,"passed_time":14.13820563,"remaining_time":8.850746616},
{"learn":[0.03708096656],"iteration":123,"passed_time":14.25124709,"remaining_time":8.734635311},
{"learn":[0.0365884695],"iteration":124,"passed_time":14.3647592,"remaining_time":8.618855522},
{"learn":[0.03617490201],"iteration":125,"passed_time":14.47907697,"remaining_time":8.503584885},
{"learn":[0.03569755456],"iteration":126,"passed_time":14.59057407,"remaining_time":8.386707931},
{"learn":[0.03518598999],"iteration":127,"passed_time":14.7037421,"remaining_time":8.270854929},
{"learn":[0.03496246113],"iteration":128,"passed_time":14.81729923,"remaining_time":8.155257716},
{"learn":[0.03411592726],"iteration":129,"passed_time":14.9321061,"remaining_time":8.040364823},
{"learn":[0.03394072658],"iteration":130,"passed_time":15.04594631,"remaining_time":7.924964087},
{"learn":[0.03342753464],"iteration":131,"passed_time":15.15620223,"remaining_time":7.807740541},
{"learn":[0.03337749773],"iteration":132,"passed_time":15.26713251,"remaining_time":7.690961492},
{"learn":[0.03288689744],"iteration":133,"passed_time":15.38260373,"remaining_time":7.576506315},
{"learn":[0.03245693824],"iteration":134,"passed_time":15.49369285,"remaining_time":7.459926188},
{"learn":[0.0319998613],"iteration":135,"passed_time":15.60798291,"remaining_time":7.344933135},
{"learn":[0.03161148905],"iteration":136,"passed_time":15.72183588,"remaining_time":7.229749346},
{"learn":[0.03136953892],"iteration":137,"passed_time":15.83920499,"remaining_time":7.11616456},
{"learn":[0.03092647479],"iteration":138,"passed_time":15.95073089,"remaining_time":6.99996104},
{"learn":[0.03088308684],"iteration":139,"passed_time":16.05846518,"remaining_time":6.882199363},
{"learn":[0.03057068349],"iteration":140,"passed_time":16.17189375,"remaining_time":6.766962631},
{"learn":[0.03049264384],"iteration":141,"passed_time":16.28414752,"remaining_time":6.651271523},
{"learn":[0.03015409509],"iteration":142,"passed_time":16.39998871,"remaining_time":6.537058435},
{"learn":[0.02994097459],"iteration":143,"passed_time":16.51218651,"remaining_time":6.421405866},
{"learn":[0.02957542115],"iteration":144,"passed_time":16.62592216,"remaining_time":6.306384269},
{"learn":[0.02955915199],"iteration":145,"passed_time":16.73871014,"remaining_time":6.191029779},
{"learn":[0.02926367354],"iteration":146,"passed_time":16.84747379,"remaining_time":6.074259257},
{"learn":[0.02904231333],"iteration":147,"passed_time":16.96065883,"remaining_time":5.959150399},
{"learn":[0.028990592],"iteration":148,"passed_time":17.07103701,"remaining_time":5.843106629},
{"learn":[0.02881847879],"iteration":149,"passed_time":17.18447393,"remaining_time":5.728157977},
{"learn":[0.02869438949],"iteration":150,"passed_time":17.29527703,"remaining_time":5.612374665},
{"learn":[0.02861889814],"iteration":151,"passed_time":17.40708349,"remaining_time":5.496973734},
{"learn":[0.02831905526],"iteration":152,"passed_time":17.51631289,"remaining_time":5.380828142},
{"learn":[0.0283024216],"iteration":153,"passed_time":17.62666073,"remaining_time":5.265106451},
{"learn":[0.02792501485],"iteration":154,"passed_time":17.74137687,"remaining_time":5.150722318},
{"learn":[0.02769730538],"iteration":155,"passed_time":17.85239647,"remaining_time":5.035291313},
{"learn":[0.02733446471],"iteration":156,"passed_time":17.96491999,"remaining_time":4.920328406},
{"learn":[0.02703678344],"iteration":157,"passed_time":18.07597732,"remaining_time":4.80500663},
{"learn":[0.02687128256],"iteration":158,"passed_time":18.19080914,"remaining_time":4.690711791},
{"learn":[0.02678965571],"iteration":159,"passed_time":18.30379127,"remaining_time":4.575947818},
{"learn":[0.02656710553],"iteration":160,"passed_time":18.41936489,"remaining_time":4.461833732},
{"learn":[0.02637225064],"iteration":161,"passed_time":18.53161213,"remaining_time":4.346921363},
{"learn":[0.02628901861],"iteration":162,"passed_time":18.6426455,"remaining_time":4.231766156},
{"learn":[0.02591933],"iteration":163,"passed_time":18.75585702,"remaining_time":4.117139347},
{"learn":[0.02555491547],"iteration":164,"passed_time":18.86966059,"remaining_time":4.002655276},
{"learn":[0.02552317023],"iteration":165,"passed_time":18.98741688,"remaining_time":3.888988999},
{"learn":[0.02514084403],"iteration":166,"passed_time":19.10059287,"remaining_time":3.774368652},
{"learn":[0.02480459389],"iteration":167,"passed_time":19.217048,"remaining_time":3.660390095},
{"learn":[0.02457784796],"iteration":168,"passed_time":19.32920889,"remaining_time":3.545594531},
{"learn":[0.02430566128],"iteration":169,"passed_time":19.44665421,"remaining_time":3.431762508},
{"learn":[0.02397613617],"iteration":170,"passed_time":19.56329848,"remaining_time":3.317752373},
{"learn":[0.02387147253],"iteration":171,"passed_time":19.68071067,"remaining_time":3.203836621},
{"learn":[0.02361550923],"iteration":172,"passed_time":19.79821446,"remaining_time":3.089894742},
{"learn":[0.02355605531],"iteration":173,"passed_time":19.90841191,"remaining_time":2.974820171},
{"learn":[0.02347859181],"iteration":174,"passed_time":20.02136721,"remaining_time":2.860195315},
{"learn":[0.02320523206],"iteration":175,"passed_time":20.13242954,"remaining_time":2.7453313},
{"learn":[0.02297583817],"iteration":176,"passed_time":20.24131304,"remaining_time":2.630227118},
{"learn":[0.02285766813],"iteration":177,"passed_time":20.35410969,"remaining_time":2.515676479},
{"learn":[0.0226133972],"iteration":178,"passed_time":20.47138518,"remaining_time":2.401670888},
{"learn":[0.02224680205],"iteration":179,"passed_time":20.58764963,"remaining_time":2.287516625},
{"learn":[0.02207994848],"iteration":180,"passed_time":20.70062609,"remaining_time":2.172993899},
{"learn":[0.02182470009],"iteration":181,"passed_time":20.81613073,"remaining_time":2.058738204},
{"learn":[0.02157803371],"iteration":182,"passed_time":20.9352459,"remaining_time":1.944804264},
{"learn":[0.02155864362],"iteration":183,"passed_time":21.04912994,"remaining_time":1.830359125},
{"learn":[0.02146430311],"iteration":184,"passed_time":21.16208013,"remaining_time":1.715844335},
{"learn":[0.02144999307],"iteration":185,"passed_time":21.27400812,"remaining_time":1.601269429},
{"learn":[0.02143150031],"iteration":186,"passed_time":21.39054238,"remaining_time":1.487043053},
{"learn":[0.02121234328],"iteration":187,"passed_time":21.50800575,"remaining_time":1.372851431},
{"learn":[0.02120251106],"iteration":188,"passed_time":21.62285294,"remaining_time":1.258472923},
{"learn":[0.02119329902],"iteration":189,"passed_time":21.73801715,"remaining_time":1.144106166},
{"learn":[0.02111425393],"iteration":190,"passed_time":21.85252474,"remaining_time":1.029700119},
{"learn":[0.02088253502],"iteration":191,"passed_time":21.96445509,"remaining_time":0.9151856289},
{"learn":[0.02069634032],"iteration":192,"passed_time":22.0790143,"remaining_time":0.8007932647},
{"learn":[0.0203967024],"iteration":193,"passed_time":22.18895442,"remaining_time":0.6862563223},
{"learn":[0.02038681595],"iteration":194,"passed_time":22.21567676,"remaining_time":0.5696327375},
{"learn":[0.02013219336],"iteration":195,"passed_time":22.32571652,"remaining_time":0.4556268677},
{"learn":[0.02012251575],"iteration":196,"passed_time":22.43984691,"remaining_time":0.3417235571},
{"learn":[0.01994332816],"iteration":197,"passed_time":22.5533741,"remaining_time":0.2278118596},
{"learn":[0.01965978332],"iteration":198,"passed_time":22.66499387,"remaining_time":0.1138944415},
{"learn":[0.01949141966],"iteration":199,"passed_time":22.77466701,"remaining_time":0}
]}